ts,open,high,low,close,volume,dt
1780588800000,69.61,69.63,69.04,69.05,192805.09,2026-06-05 00:00:00+08:00
1780590600000,69.05,69.61,68.93,69.37,187913.55,2026-06-05 00:30:00+08:00
1780592400000,69.36,69.7,68.97,69.16,190629.67,2026-06-05 01:00:00+08:00
1780594200000,69.16,69.53,68.45,69.2,290707.47,2026-06-05 01:30:00+08:00
1780596000000,69.2,69.61,68.6,69.61,202283.93,2026-06-05 02:00:00+08:00
1780597800000,69.61,69.85,69.41,69.46,196974.31,2026-06-05 02:30:00+08:00
1780599600000,69.46,69.68,69.06,69.53,212952.77,2026-06-05 03:00:00+08:00
1780601400000,69.54,69.59,68.98,69.05,113539.96,2026-06-05 03:30:00+08:00
1780603200000,69.04,69.1,68.4,68.72,177260.92,2026-06-05 04:00:00+08:00
1780605000000,68.73,68.97,68.48,68.76,101014.64,2026-06-05 04:30:00+08:00
1780606800000,68.76,69.01,68.17,68.27,177605.24,2026-06-05 05:00:00+08:00
1780608600000,68.27,68.3,67.55,67.74,265934.44,2026-06-05 05:30:00+08:00
1780610400000,67.73,68.1,67.51,67.9,223392.99,2026-06-05 06:00:00+08:00
1780612200000,67.9,68.53,67.55,68.43,249607.49,2026-06-05 06:30:00+08:00
1780614000000,68.43,68.84,67.95,68.23,201292.29,2026-06-05 07:00:00+08:00
1780615800000,68.22,68.88,68.17,68.81,138180.43,2026-06-05 07:30:00+08:00
1780617600000,68.81,69.04,68.28,69.03,167935.25,2026-06-05 08:00:00+08:00
1780619400000,69.02,69.06,68.21,68.25,207821.65,2026-06-05 08:30:00+08:00
1780621200000,68.24,68.41,67.51,68.4,409932.27,2026-06-05 09:00:00+08:00
1780623000000,68.4,68.78,68.24,68.45,223079.76,2026-06-05 09:30:00+08:00
1780624800000,68.46,68.57,67.68,67.68,301978.91,2026-06-05 10:00:00+08:00
1780626600000,67.68,68.03,67.14,67.27,338318.94,2026-06-05 10:30:00+08:00
1780628400000,67.28,67.83,66.96,67.27,348458.99,2026-06-05 11:00:00+08:00
1780630200000,67.27,67.63,66.88,67.05,312261.11,2026-06-05 11:30:00+08:00
1780632000000,67.06,67.85,66.43,67.83,598805.68,2026-06-05 12:00:00+08:00
1780633800000,67.83,67.97,66.88,67.89,314514.41,2026-06-05 12:30:00+08:00
1780635600000,67.9,68.04,67.45,67.78,228476.96,2026-06-05 13:00:00+08:00
1780637400000,67.78,67.97,66.01,66.17,695073.14,2026-06-05 13:30:00+08:00
1780639200000,66.17,66.5,63.75,64.57,1833151.89,2026-06-05 14:00:00+08:00
1780641000000,64.58,65.47,64.38,65.0,729890.45,2026-06-05 14:30:00+08:00
1780642800000,64.99,65.5,63.86,65.44,612088.26,2026-06-05 15:00:00+08:00
1780644600000,65.43,66.26,65.25,66.12,457967.93,2026-06-05 15:30:00+08:00
1780646400000,66.12,66.16,65.36,65.88,337840.88,2026-06-05 16:00:00+08:00
1780648200000,65.89,66.08,65.03,65.27,263556.24,2026-06-05 16:30:00+08:00
1780650000000,65.26,66.49,65.25,66.35,621168.69,2026-06-05 17:00:00+08:00
1780651800000,66.35,66.55,66.02,66.5,210729.17,2026-06-05 17:30:00+08:00
1780653600000,66.49,66.7,66.16,66.45,233900.36,2026-06-05 18:00:00+08:00
1780655400000,66.46,66.7,66.1,66.37,217515.51,2026-06-05 18:30:00+08:00
1780657200000,66.37,66.77,65.76,66.54,347953.51,2026-06-05 19:00:00+08:00
1780659000000,66.54,66.6,65.91,66.02,190313.92,2026-06-05 19:30:00+08:00
1780660800000,66.02,66.31,65.38,65.85,320714.25,2026-06-05 20:00:00+08:00
1780662600000,65.85,66.23,65.16,65.77,349697.58,2026-06-05 20:30:00+08:00
1780664400000,65.78,66.7,65.76,66.45,339178.09,2026-06-05 21:00:00+08:00
1780666200000,66.44,66.78,64.24,64.28,637187.86,2026-06-05 21:30:00+08:00
1780668000000,64.28,65.32,63.87,64.84,812545.13,2026-06-05 22:00:00+08:00
1780669800000,64.84,65.82,64.63,65.23,611046.04,2026-06-05 22:30:00+08:00
1780671600000,65.23,65.3,64.13,64.56,742613.38,2026-06-05 23:00:00+08:00
1780673400000,64.55,64.77,63.72,64.21,837509.21,2026-06-05 23:30:00+08:00
1780675200000,64.2,65.5,63.11,64.91,1678896.1,2026-06-06 00:00:00+08:00
1780677000000,64.92,65.96,64.4,65.84,532491.99,2026-06-06 00:30:00+08:00
1780678800000,65.83,66.02,64.75,64.85,373892.58,2026-06-06 01:00:00+08:00
1780680600000,64.85,65.55,64.76,65.06,173549.29,2026-06-06 01:30:00+08:00
1780682400000,65.06,65.35,63.92,63.95,370768.05,2026-06-06 02:00:00+08:00
1780684200000,63.95,64.24,62.57,62.86,827163.89,2026-06-06 02:30:00+08:00
1780686000000,62.86,62.99,61.39,62.74,957115.78,2026-06-06 03:00:00+08:00
1780687800000,62.74,63.79,61.91,63.38,606147.89,2026-06-06 03:30:00+08:00
1780689600000,63.38,64.34,62.63,64.16,667789.39,2026-06-06 04:00:00+08:00
1780691400000,64.15,64.78,63.99,64.6,290393.34,2026-06-06 04:30:00+08:00
1780693200000,64.6,65.1,64.48,64.89,336839.06,2026-06-06 05:00:00+08:00
1780695000000,64.89,65.36,64.71,64.84,134319.67,2026-06-06 05:30:00+08:00
1780696800000,64.84,64.86,63.73,64.09,468137.21,2026-06-06 06:00:00+08:00
1780698600000,64.1,64.63,63.93,64.36,198874.29,2026-06-06 06:30:00+08:00
1780700400000,64.35,64.75,63.37,63.53,286881.01,2026-06-06 07:00:00+08:00
1780702200000,63.52,63.61,62.59,63.6,356412.74,2026-06-06 07:30:00+08:00
1780704000000,63.6,64.63,63.57,64.41,268307.98,2026-06-06 08:00:00+08:00
1780705800000,64.4,64.78,64.35,64.62,128941.88,2026-06-06 08:30:00+08:00
1780707600000,64.63,64.82,63.76,64.37,262205.98,2026-06-06 09:00:00+08:00
1780709400000,64.37,64.47,63.73,63.78,146893.2,2026-06-06 09:30:00+08:00
1780711200000,63.78,63.83,63.2,63.46,282696.75,2026-06-06 10:00:00+08:00
1780713000000,63.47,63.89,63.37,63.46,157866.48,2026-06-06 10:30:00+08:00
1780714800000,63.46,63.47,62.85,63.0,222618.75,2026-06-06 11:00:00+08:00
1780716600000,63.0,63.04,62.48,62.79,266478.19,2026-06-06 11:30:00+08:00
1780718400000,62.79,63.07,60.89,61.15,930470.46,2026-06-06 12:00:00+08:00
1780720200000,61.15,61.27,60.27,60.8,774166.74,2026-06-06 12:30:00+08:00
1780722000000,60.81,62.62,60.02,62.06,1072924.16,2026-06-06 13:00:00+08:00
1780723800000,62.06,62.67,61.85,62.55,605457.33,2026-06-06 13:30:00+08:00
1780725600000,62.56,63.31,62.51,62.98,450360.38,2026-06-06 14:00:00+08:00
1780727400000,62.98,63.25,62.04,62.18,403402.86,2026-06-06 14:30:00+08:00
1780729200000,62.19,63.13,62.02,62.62,439755.23,2026-06-06 15:00:00+08:00
1780731000000,62.61,63.08,62.56,62.74,173477.27,2026-06-06 15:30:00+08:00
1780732800000,62.75,63.41,62.46,63.31,269480.28,2026-06-06 16:00:00+08:00
1780734600000,63.3,63.55,63.07,63.12,226956.77,2026-06-06 16:30:00+08:00
1780736400000,63.12,63.52,62.99,63.51,129985.24,2026-06-06 17:00:00+08:00
1780738200000,63.51,63.53,62.43,62.65,264055.38,2026-06-06 17:30:00+08:00
1780740000000,62.65,62.66,61.59,61.8,508180.18,2026-06-06 18:00:00+08:00
1780741800000,61.81,61.85,61.13,61.78,447394.32,2026-06-06 18:30:00+08:00
1780743600000,61.78,62.32,61.7,62.24,264737.55,2026-06-06 19:00:00+08:00
1780745400000,62.23,62.63,62.13,62.38,155387.01,2026-06-06 19:30:00+08:00
1780747200000,62.38,62.71,62.16,62.16,199375.52,2026-06-06 20:00:00+08:00
1780749000000,62.16,63.05,61.97,62.87,337734.73,2026-06-06 20:30:00+08:00
1780750800000,62.88,63.02,62.46,62.52,145183.15,2026-06-06 21:00:00+08:00
1780752600000,62.52,62.74,62.12,62.39,168143.87,2026-06-06 21:30:00+08:00
1780754400000,62.4,62.88,62.3,62.59,160465.85,2026-06-06 22:00:00+08:00
1780756200000,62.59,62.86,62.26,62.27,152026.9,2026-06-06 22:30:00+08:00
1780758000000,62.27,62.44,61.26,61.61,486880.83,2026-06-06 23:00:00+08:00
1780759800000,61.6,62.29,61.49,62.0,243556.19,2026-06-06 23:30:00+08:00
1780761600000,61.99,62.37,61.48,61.52,264093.23,2026-06-07 00:00:00+08:00
1780763400000,61.52,62.17,61.3,62.08,288158.52,2026-06-07 00:30:00+08:00
1780765200000,62.07,62.18,61.58,61.77,209669.78,2026-06-07 01:00:00+08:00
1780767000000,61.78,62.21,61.41,61.58,310354.92,2026-06-07 01:30:00+08:00
1780768800000,61.57,62.12,61.36,62.0,216416.89,2026-06-07 02:00:00+08:00
1780770600000,62.0,62.0,61.48,61.69,117701.52,2026-06-07 02:30:00+08:00
1780772400000,61.69,62.15,61.59,61.73,176029.65,2026-06-07 03:00:00+08:00
1780774200000,61.73,61.83,61.58,61.58,69473.14,2026-06-07 03:30:00+08:00
1780776000000,61.58,61.71,61.31,61.45,185864.16,2026-06-07 04:00:00+08:00
1780777800000,61.45,61.92,61.38,61.81,166864.89,2026-06-07 04:30:00+08:00
1780779600000,61.8,62.2,61.77,62.09,157008.47,2026-06-07 05:00:00+08:00
1780781400000,62.08,62.33,61.84,61.86,94598.57,2026-06-07 05:30:00+08:00
1780783200000,61.85,61.94,61.43,61.48,168961.38,2026-06-07 06:00:00+08:00
1780785000000,61.48,61.88,61.41,61.68,95688.25,2026-06-07 06:30:00+08:00
1780786800000,61.67,62.09,61.63,61.9,92891.4,2026-06-07 07:00:00+08:00
1780788600000,61.9,62.27,61.87,62.15,113106.52,2026-06-07 07:30:00+08:00
1780790400000,62.16,62.3,61.91,62.23,112179.72,2026-06-07 08:00:00+08:00
1780792200000,62.22,62.61,62.05,62.06,158218.82,2026-06-07 08:30:00+08:00
1780794000000,62.05,63.74,61.98,63.7,611835.82,2026-06-07 09:00:00+08:00
1780795800000,63.7,63.81,63.38,63.62,275644.67,2026-06-07 09:30:00+08:00
1780797600000,63.62,63.74,63.09,63.18,194764.34,2026-06-07 10:00:00+08:00
1780799400000,63.17,63.59,63.02,63.49,252098.47,2026-06-07 10:30:00+08:00
1780801200000,63.49,64.18,63.35,63.96,300810.09,2026-06-07 11:00:00+08:00
1780803000000,63.96,63.98,63.51,63.78,152642.16,2026-06-07 11:30:00+08:00
1780804800000,63.78,63.79,63.24,63.32,120201.57,2026-06-07 12:00:00+08:00
1780806600000,63.32,64.08,63.31,64.04,202450.94,2026-06-07 12:30:00+08:00
1780808400000,64.03,64.44,63.84,64.17,412336.45,2026-06-07 13:00:00+08:00
1780810200000,64.17,64.41,63.97,64.2,221856.45,2026-06-07 13:30:00+08:00
1780812000000,64.2,64.86,63.97,64.71,320700.95,2026-06-07 14:00:00+08:00
1780813800000,64.71,64.95,64.62,64.79,273367.97,2026-06-07 14:30:00+08:00
1780815600000,64.78,64.94,64.54,64.9,216046.26,2026-06-07 15:00:00+08:00
1780817400000,64.89,64.96,64.69,64.87,122683.68,2026-06-07 15:30:00+08:00
1780819200000,64.87,64.9,64.43,64.81,260519.37,2026-06-07 16:00:00+08:00
1780821000000,64.81,65.9,64.66,65.89,502464.74,2026-06-07 16:30:00+08:00
1780822800000,65.9,66.04,65.48,65.72,430317.4,2026-06-07 17:00:00+08:00
1780824600000,65.72,65.74,64.77,64.96,345905.81,2026-06-07 17:30:00+08:00
1780826400000,64.97,65.05,64.56,64.91,242337.28,2026-06-07 18:00:00+08:00
1780828200000,64.91,64.98,64.35,64.6,253805.64,2026-06-07 18:30:00+08:00
1780830000000,64.59,64.79,64.46,64.77,139601.72,2026-06-07 19:00:00+08:00
1780831800000,64.76,65.16,64.66,64.97,235105.87,2026-06-07 19:30:00+08:00
1780833600000,64.96,65.03,63.78,63.97,669647.74,2026-06-07 20:00:00+08:00
1780835400000,63.98,64.36,63.58,64.26,471251.59,2026-06-07 20:30:00+08:00
1780837200000,64.26,64.34,64.02,64.31,152765.77,2026-06-07 21:00:00+08:00
1780839000000,64.31,64.38,64.08,64.28,88819.31,2026-06-07 21:30:00+08:00
1780840800000,64.27,65.01,64.26,64.91,222186.24,2026-06-07 22:00:00+08:00
1780842600000,64.91,65.29,64.55,64.85,253932.8,2026-06-07 22:30:00+08:00
1780844400000,64.85,64.93,64.58,64.91,127968.53,2026-06-07 23:00:00+08:00
1780846200000,64.91,65.19,64.72,64.93,149308.47,2026-06-07 23:30:00+08:00
1780848000000,64.92,65.12,64.69,64.96,162916.95,2026-06-08 00:00:00+08:00
1780849800000,64.95,65.28,64.88,65.09,165129.61,2026-06-08 00:30:00+08:00
1780851600000,65.09,65.58,65.01,65.39,162361.09,2026-06-08 01:00:00+08:00
1780853400000,65.39,65.54,65.08,65.25,134399.44,2026-06-08 01:30:00+08:00
1780855200000,65.26,65.53,65.16,65.36,142744.94,2026-06-08 02:00:00+08:00
1780857000000,65.36,65.5,64.83,64.9,94303.42,2026-06-08 02:30:00+08:00
1780858800000,64.9,64.92,63.7,63.98,465838.61,2026-06-08 03:00:00+08:00
1780860600000,63.98,64.05,63.56,63.87,219104.35,2026-06-08 03:30:00+08:00
1780862400000,63.87,64.63,63.67,64.42,197309.23,2026-06-08 04:00:00+08:00
1780864200000,64.43,64.74,64.34,64.62,121371.99,2026-06-08 04:30:00+08:00
1780866000000,64.63,64.86,64.4,64.52,106952.18,2026-06-08 05:00:00+08:00
1780867800000,64.51,64.56,64.24,64.55,91874.1,2026-06-08 05:30:00+08:00
1780869600000,64.56,67.9,64.45,66.2,1310828.75,2026-06-08 06:00:00+08:00
1780871400000,66.2,66.72,65.69,65.77,363786.73,2026-06-08 06:30:00+08:00
1780873200000,65.77,66.32,65.71,66.3,243717.2,2026-06-08 07:00:00+08:00
1780875000000,66.3,66.6,65.98,66.46,270051.35,2026-06-08 07:30:00+08:00
1780876800000,66.45,66.56,65.97,66.51,230486.15,2026-06-08 08:00:00+08:00
1780878600000,66.51,67.07,66.35,66.66,274176.35,2026-06-08 08:30:00+08:00
1780880400000,66.67,66.75,65.41,65.49,356372.32,2026-06-08 09:00:00+08:00
1780882200000,65.5,66.25,65.33,66.13,263369.96,2026-06-08 09:30:00+08:00
1780884000000,66.13,66.59,66.0,66.43,159183.34,2026-06-08 10:00:00+08:00
1780885800000,66.44,66.52,66.05,66.4,238593.87,2026-06-08 10:30:00+08:00
1780887600000,66.39,66.7,66.17,66.21,201238.62,2026-06-08 11:00:00+08:00
1780889400000,66.21,66.38,66.12,66.3,74595.87,2026-06-08 11:30:00+08:00
1780891200000,66.3,66.37,65.52,65.71,182107.47,2026-06-08 12:00:00+08:00
1780893000000,65.71,65.82,65.31,65.37,216786.26,2026-06-08 12:30:00+08:00
1780894800000,65.37,65.6,65.03,65.38,191305.34,2026-06-08 13:00:00+08:00
1780896600000,65.37,65.38,64.92,65.28,144201.59,2026-06-08 13:30:00+08:00
1780898400000,65.28,65.83,65.23,65.72,225812.67,2026-06-08 14:00:00+08:00
1780900200000,65.71,65.79,65.53,65.63,129494.63,2026-06-08 14:30:00+08:00
1780902000000,65.63,66.0,65.32,65.92,188647.35,2026-06-08 15:00:00+08:00
1780903800000,65.92,66.18,65.84,66.07,111955.16,2026-06-08 15:30:00+08:00
1780905600000,66.06,66.06,65.46,65.69,134166.13,2026-06-08 16:00:00+08:00
1780907400000,65.7,65.83,65.4,65.57,100548.61,2026-06-08 16:30:00+08:00
1780909200000,65.57,66.13,65.55,65.96,130350.63,2026-06-08 17:00:00+08:00
1780911000000,65.97,66.34,65.73,66.31,225349.39,2026-06-08 17:30:00+08:00
1780912800000,66.32,66.39,65.75,65.87,185989.31,2026-06-08 18:00:00+08:00
1780914600000,65.87,66.41,65.82,66.15,196404.5,2026-06-08 18:30:00+08:00
1780916400000,66.16,66.9,65.98,66.77,306062.5,2026-06-08 19:00:00+08:00
1780918200000,66.77,67.02,66.54,66.64,223581.97,2026-06-08 19:30:00+08:00
1780920000000,66.65,66.88,65.9,66.42,390832.45,2026-06-08 20:00:00+08:00
1780921800000,66.41,67.28,66.41,67.22,353649.34,2026-06-08 20:30:00+08:00
1780923600000,67.22,67.24,66.75,66.79,276822.62,2026-06-08 21:00:00+08:00
1780925400000,66.79,66.97,66.36,66.74,299048.0,2026-06-08 21:30:00+08:00
1780927200000,66.74,66.9,66.39,66.76,272486.48,2026-06-08 22:00:00+08:00
1780929000000,66.76,67.28,66.7,67.24,334748.22,2026-06-08 22:30:00+08:00
1780930800000,67.24,67.78,67.19,67.4,477916.97,2026-06-08 23:00:00+08:00
1780932600000,67.4,67.53,67.01,67.14,285917.39,2026-06-08 23:30:00+08:00
1780934400000,67.15,67.72,66.97,67.48,202884.01,2026-06-09 00:00:00+08:00
1780936200000,67.48,67.52,66.85,66.9,249151.86,2026-06-09 00:30:00+08:00
1780938000000,66.91,67.11,66.5,67.1,285241.83,2026-06-09 01:00:00+08:00
1780939800000,67.09,67.35,66.67,67.34,122116.76,2026-06-09 01:30:00+08:00
1780941600000,67.34,67.56,67.33,67.48,129121.74,2026-06-09 02:00:00+08:00
1780943400000,67.48,67.58,67.11,67.39,123461.05,2026-06-09 02:30:00+08:00
1780945200000,67.39,67.78,67.34,67.59,124595.15,2026-06-09 03:00:00+08:00
1780947000000,67.6,67.69,67.22,67.42,201114.07,2026-06-09 03:30:00+08:00
1780948800000,67.42,67.49,66.88,66.97,309207.11,2026-06-09 04:00:00+08:00
1780950600000,66.97,67.44,66.92,67.44,90308.46,2026-06-09 04:30:00+08:00
1780952400000,67.44,68.14,67.37,67.76,219501.44,2026-06-09 05:00:00+08:00
1780954200000,67.76,67.9,67.43,67.43,120202.67,2026-06-09 05:30:00+08:00
1780956000000,67.43,67.43,66.79,67.03,185463.59,2026-06-09 06:00:00+08:00
1780957800000,67.03,67.16,66.85,67.14,101267.49,2026-06-09 06:30:00+08:00
1780959600000,67.14,67.37,66.61,66.76,155372.47,2026-06-09 07:00:00+08:00
1780961400000,66.77,66.9,66.6,66.79,103256.52,2026-06-09 07:30:00+08:00
1780963200000,66.78,66.84,65.77,65.88,453051.93,2026-06-09 08:00:00+08:00
1780965000000,65.89,65.96,65.23,65.37,589858.56,2026-06-09 08:30:00+08:00
1780966800000,65.37,65.93,65.33,65.83,226124.13,2026-06-09 09:00:00+08:00
1780968600000,65.83,66.02,65.7,65.93,109027.9,2026-06-09 09:30:00+08:00
1780970400000,65.93,66.04,65.54,65.85,105495.53,2026-06-09 10:00:00+08:00
1780972200000,65.86,65.92,65.48,65.87,96636.48,2026-06-09 10:30:00+08:00
1780974000000,65.87,66.06,65.74,65.85,127881.75,2026-06-09 11:00:00+08:00
1780975800000,65.84,66.0,65.62,65.98,68240.33,2026-06-09 11:30:00+08:00
1780977600000,65.97,66.17,65.77,65.92,85474.72,2026-06-09 12:00:00+08:00
1780979400000,65.91,67.37,65.83,66.97,603502.26,2026-06-09 12:30:00+08:00
1780981200000,66.97,67.14,66.67,67.01,242329.91,2026-06-09 13:00:00+08:00
1780983000000,67.01,67.35,67.0,67.15,149384.66,2026-06-09 13:30:00+08:00
1780984800000,67.15,67.44,67.07,67.25,132717.4,2026-06-09 14:00:00+08:00
1780986600000,67.25,67.33,66.92,67.02,100087.01,2026-06-09 14:30:00+08:00
1780988400000,67.02,67.32,66.57,66.65,270047.43,2026-06-09 15:00:00+08:00
1780990200000,66.66,66.94,66.65,66.85,98120.91,2026-06-09 15:30:00+08:00
1780992000000,66.86,66.89,66.35,66.58,281463.47,2026-06-09 16:00:00+08:00
1780993800000,66.58,66.75,66.47,66.55,163796.9,2026-06-09 16:30:00+08:00
1780995600000,66.55,66.79,66.36,66.37,150911.24,2026-06-09 17:00:00+08:00
1780997400000,66.37,66.4,66.01,66.14,245020.21,2026-06-09 17:30:00+08:00
1780999200000,66.14,66.25,65.9,66.17,206338.65,2026-06-09 18:00:00+08:00
1781001000000,66.16,66.45,66.0,66.37,143759.76,2026-06-09 18:30:00+08:00
1781002800000,66.36,66.43,65.85,65.96,202399.31,2026-06-09 19:00:00+08:00
1781004600000,65.97,66.2,65.88,66.07,108484.16,2026-06-09 19:30:00+08:00
1781006400000,66.07,66.48,66.04,66.23,255352.18,2026-06-09 20:00:00+08:00
1781008200000,66.23,66.29,65.91,66.18,147803.38,2026-06-09 20:30:00+08:00
1781010000000,66.18,66.34,65.62,65.72,282373.47,2026-06-09 21:00:00+08:00
1781011800000,65.71,66.18,65.55,65.8,338371.81,2026-06-09 21:30:00+08:00
1781013600000,65.8,65.96,64.69,64.73,646585.26,2026-06-09 22:00:00+08:00
1781015400000,64.74,65.05,64.36,65.04,840124.2,2026-06-09 22:30:00+08:00
1781017200000,65.04,65.28,64.63,64.63,392835.99,2026-06-09 23:00:00+08:00
1781019000000,64.64,64.78,64.22,64.29,421716.77,2026-06-09 23:30:00+08:00
1781020800000,64.28,64.46,63.78,64.07,515807.49,2026-06-10 00:00:00+08:00
1781022600000,64.06,64.34,63.51,64.11,637917.8,2026-06-10 00:30:00+08:00
1781024400000,64.12,65.12,64.06,64.92,453456.2,2026-06-10 01:00:00+08:00
1781026200000,64.93,65.14,64.72,64.76,210266.34,2026-06-10 01:30:00+08:00
1781028000000,64.76,65.52,64.63,65.05,247170.22,2026-06-10 02:00:00+08:00
1781029800000,65.04,65.35,65.01,65.26,162264.89,2026-06-10 02:30:00+08:00
1781031600000,65.26,65.44,65.08,65.31,114009.46,2026-06-10 03:00:00+08:00
1781033400000,65.32,65.63,65.02,65.37,223138.16,2026-06-10 03:30:00+08:00
1781035200000,65.38,65.68,65.25,65.45,140983.41,2026-06-10 04:00:00+08:00
1781037000000,65.45,65.65,65.31,65.58,65872.25,2026-06-10 04:30:00+08:00
1781038800000,65.59,65.62,65.08,65.11,111464.93,2026-06-10 05:00:00+08:00
1781040600000,65.11,65.15,64.83,64.97,96657.64,2026-06-10 05:30:00+08:00
1781042400000,64.98,65.33,64.81,65.1,68553.29,2026-06-10 06:00:00+08:00
1781044200000,65.11,65.27,64.78,64.84,91638.47,2026-06-10 06:30:00+08:00
1781046000000,64.84,65.14,64.71,64.87,110842.72,2026-06-10 07:00:00+08:00
1781047800000,64.88,65.08,64.64,64.92,81536.14,2026-06-10 07:30:00+08:00
1781049600000,64.93,65.18,64.82,65.06,71493.6,2026-06-10 08:00:00+08:00
1781051400000,65.05,65.16,64.44,65.14,131745.34,2026-06-10 08:30:00+08:00
1781053200000,65.14,65.26,64.83,65.15,118880.29,2026-06-10 09:00:00+08:00
1781055000000,65.14,65.23,64.76,65.06,92763.43,2026-06-10 09:30:00+08:00
1781056800000,65.06,65.21,64.48,64.68,148232.98,2026-06-10 10:00:00+08:00
1781058600000,64.68,64.75,64.2,64.27,148226.75,2026-06-10 10:30:00+08:00
1781060400000,64.26,64.82,64.23,64.77,84179.95,2026-06-10 11:00:00+08:00
1781062200000,64.76,64.77,64.41,64.49,90021.71,2026-06-10 11:30:00+08:00
1781064000000,64.48,64.61,64.34,64.46,79361.91,2026-06-10 12:00:00+08:00
1781065800000,64.45,64.46,64.07,64.25,101079.13,2026-06-10 12:30:00+08:00
1781067600000,64.26,64.35,63.87,64.16,164325.59,2026-06-10 13:00:00+08:00
1781069400000,64.16,64.2,63.93,64.08,77978.89,2026-06-10 13:30:00+08:00
1781071200000,64.09,64.19,63.88,64.06,144751.13,2026-06-10 14:00:00+08:00
1781073000000,64.06,64.34,63.78,64.15,157396.31,2026-06-10 14:30:00+08:00
1781074800000,64.15,64.56,64.09,64.48,131929.66,2026-06-10 15:00:00+08:00
1781076600000,64.48,64.74,64.4,64.45,139634.28,2026-06-10 15:30:00+08:00
1781078400000,64.46,64.49,63.77,63.82,211831.84,2026-06-10 16:00:00+08:00
1781080200000,63.82,63.9,63.38,63.58,294553.44,2026-06-10 16:30:00+08:00
1781082000000,63.59,63.73,63.02,63.43,273620.38,2026-06-10 17:00:00+08:00
1781083800000,63.44,63.7,63.34,63.6,145316.34,2026-06-10 17:30:00+08:00
1781085600000,63.61,63.64,63.23,63.52,132521.39,2026-06-10 18:00:00+08:00
1781087400000,63.53,63.75,63.38,63.64,95846.25,2026-06-10 18:30:00+08:00
1781089200000,63.65,63.78,62.89,63.2,592725.76,2026-06-10 19:00:00+08:00
1781091000000,63.2,63.6,63.14,63.46,169933.74,2026-06-10 19:30:00+08:00
1781092800000,63.47,63.62,63.26,63.48,172809.29,2026-06-10 20:00:00+08:00
1781094600000,63.47,64.65,63.38,64.09,707864.85,2026-06-10 20:30:00+08:00
1781096400000,64.09,64.4,63.97,64.37,159765.56,2026-06-10 21:00:00+08:00
1781098200000,64.36,65.51,64.25,65.03,754038.49,2026-06-10 21:30:00+08:00
1781100000000,65.04,65.24,64.6,64.96,301624.44,2026-06-10 22:00:00+08:00
1781101800000,64.96,65.13,64.55,65.02,285134.73,2026-06-10 22:30:00+08:00
1781103600000,65.02,65.3,64.51,65.19,254949.86,2026-06-10 23:00:00+08:00
1781105400000,65.18,65.79,64.72,65.39,581920.07,2026-06-10 23:30:00+08:00
1781107200000,65.4,65.44,64.64,64.93,273547.89,2026-06-11 00:00:00+08:00
1781109000000,64.92,65.08,64.19,64.57,268456.97,2026-06-11 00:30:00+08:00
1781110800000,64.58,64.94,64.01,64.05,184615.58,2026-06-11 01:00:00+08:00
1781112600000,64.05,64.2,63.58,64.0,417214.15,2026-06-11 01:30:00+08:00
1781114400000,64.01,64.18,63.68,64.03,196980.35,2026-06-11 02:00:00+08:00
1781116200000,64.03,64.03,63.31,63.8,237683.17,2026-06-11 02:30:00+08:00
1781118000000,63.8,63.9,63.38,63.6,102914.35,2026-06-11 03:00:00+08:00
1781119800000,63.6,63.87,63.34,63.51,223130.83,2026-06-11 03:30:00+08:00
1781121600000,63.51,63.62,63.14,63.56,189493.47,2026-06-11 04:00:00+08:00
1781123400000,63.55,63.6,63.12,63.28,133128.25,2026-06-11 04:30:00+08:00
1781125200000,63.28,63.28,62.63,62.94,237064.5,2026-06-11 05:00:00+08:00
1781127000000,62.94,63.11,62.29,62.54,206118.97,2026-06-11 05:30:00+08:00
1781128800000,62.55,62.69,62.32,62.56,183127.22,2026-06-11 06:00:00+08:00
1781130600000,62.55,63.03,62.53,62.74,201197.25,2026-06-11 06:30:00+08:00
1781132400000,62.73,63.08,62.41,63.04,298481.28,2026-06-11 07:00:00+08:00
1781134200000,63.03,63.26,62.92,63.16,144160.29,2026-06-11 07:30:00+08:00
1781136000000,63.15,63.71,63.15,63.64,158437.56,2026-06-11 08:00:00+08:00
1781137800000,63.64,63.73,63.43,63.62,105835.71,2026-06-11 08:30:00+08:00
1781139600000,63.62,64.32,63.62,64.23,221589.45,2026-06-11 09:00:00+08:00
1781141400000,64.24,65.14,64.1,64.87,555797.38,2026-06-11 09:30:00+08:00
1781143200000,64.87,64.96,64.46,64.5,185080.81,2026-06-11 10:00:00+08:00
1781145000000,64.51,64.64,64.32,64.49,181750.38,2026-06-11 10:30:00+08:00
1781146800000,64.5,64.56,64.29,64.49,66800.73,2026-06-11 11:00:00+08:00
1781148600000,64.49,65.46,64.46,65.23,480686.73,2026-06-11 11:30:00+08:00
1781150400000,65.22,65.27,64.99,65.06,150926.03,2026-06-11 12:00:00+08:00
1781152200000,65.07,65.32,64.87,65.17,125246.7,2026-06-11 12:30:00+08:00
1781154000000,65.18,65.2,64.98,65.1,101172.27,2026-06-11 13:00:00+08:00
1781155800000,65.09,65.17,64.92,64.94,72885.13,2026-06-11 13:30:00+08:00
1781157600000,64.93,65.38,64.78,65.32,210522.93,2026-06-11 14:00:00+08:00
1781159400000,65.31,65.4,65.06,65.08,126601.55,2026-06-11 14:30:00+08:00
1781161200000,65.08,65.13,64.86,65.08,112263.21,2026-06-11 15:00:00+08:00
1781163000000,65.09,65.15,64.74,65.01,133403.53,2026-06-11 15:30:00+08:00
1781164800000,65.0,65.48,65.0,65.44,156737.62,2026-06-11 16:00:00+08:00
1781166600000,65.45,65.49,65.23,65.27,158053.18,2026-06-11 16:30:00+08:00
1781168400000,65.28,65.28,64.99,65.13,252103.73,2026-06-11 17:00:00+08:00
1781170200000,65.14,65.52,65.13,65.35,209468.74,2026-06-11 17:30:00+08:00
1781172000000,65.36,65.46,65.23,65.4,101727.15,2026-06-11 18:00:00+08:00
1781173800000,65.41,65.61,65.38,65.46,136497.23,2026-06-11 18:30:00+08:00
1781175600000,65.46,65.58,65.28,65.46,153161.86,2026-06-11 19:00:00+08:00
1781177400000,65.47,66.18,65.34,65.85,460440.04,2026-06-11 19:30:00+08:00
1781179200000,65.85,65.88,64.93,65.06,533332.51,2026-06-11 20:00:00+08:00
1781181000000,65.06,65.33,64.85,65.21,472657.49,2026-06-11 20:30:00+08:00
1781182800000,65.22,65.45,65.04,65.22,125035.0,2026-06-11 21:00:00+08:00
1781184600000,65.21,65.7,65.02,65.49,351984.43,2026-06-11 21:30:00+08:00
1781186400000,65.49,65.57,64.94,65.34,196816.46,2026-06-11 22:00:00+08:00
1781188200000,65.34,65.74,65.26,65.31,174358.57,2026-06-11 22:30:00+08:00
1781190000000,65.31,65.78,64.95,65.69,390141.04,2026-06-11 23:00:00+08:00
1781191800000,65.68,65.83,65.32,65.51,196600.68,2026-06-11 23:30:00+08:00
1781193600000,65.51,65.76,65.33,65.41,161664.26,2026-06-12 00:00:00+08:00
1781195400000,65.41,65.74,65.26,65.34,122345.64,2026-06-12 00:30:00+08:00
1781197200000,65.34,65.87,65.0,65.85,384608.33,2026-06-12 01:00:00+08:00
1781199000000,65.85,67.16,65.82,67.13,894359.78,2026-06-12 01:30:00+08:00
1781200800000,67.12,67.29,66.64,66.72,361320.19,2026-06-12 02:00:00+08:00
1781202600000,66.73,66.98,66.61,66.77,174864.08,2026-06-12 02:30:00+08:00
1781204400000,66.76,67.08,66.55,66.9,208104.69,2026-06-12 03:00:00+08:00
1781206200000,66.9,67.35,66.85,66.89,209130.84,2026-06-12 03:30:00+08:00
1781208000000,66.88,67.0,66.45,66.5,186314.41,2026-06-12 04:00:00+08:00
1781209800000,66.49,66.57,66.3,66.54,91796.8,2026-06-12 04:30:00+08:00
1781211600000,66.54,67.05,66.52,66.92,88761.67,2026-06-12 05:00:00+08:00
1781213400000,66.91,67.06,66.79,66.87,124371.67,2026-06-12 05:30:00+08:00
1781215200000,66.87,67.1,66.84,66.94,74463.7,2026-06-12 06:00:00+08:00
1781217000000,66.93,67.09,66.82,66.85,69597.38,2026-06-12 06:30:00+08:00
1781218800000,66.84,66.84,66.64,66.69,66576.18,2026-06-12 07:00:00+08:00
1781220600000,66.68,67.08,66.68,66.88,112617.62,2026-06-12 07:30:00+08:00
1781222400000,66.87,67.04,66.69,66.85,99384.73,2026-06-12 08:00:00+08:00
1781224200000,66.85,67.07,66.79,66.81,57102.41,2026-06-12 08:30:00+08:00
1781226000000,66.81,66.82,66.37,66.48,141116.35,2026-06-12 09:00:00+08:00
1781227800000,66.47,66.65,66.42,66.65,78776.33,2026-06-12 09:30:00+08:00
1781229600000,66.64,67.14,66.63,66.96,119431.05,2026-06-12 10:00:00+08:00
1781231400000,66.96,67.25,66.93,67.1,109865.05,2026-06-12 10:30:00+08:00
1781233200000,67.09,67.12,66.63,66.79,101362.85,2026-06-12 11:00:00+08:00
1781235000000,66.78,67.0,66.77,66.98,66147.67,2026-06-12 11:30:00+08:00
1781236800000,66.97,67.13,66.79,67.06,84628.53,2026-06-12 12:00:00+08:00
1781238600000,67.06,67.2,66.98,67.02,64973.11,2026-06-12 12:30:00+08:00
1781240400000,67.01,67.05,66.69,66.73,118966.0,2026-06-12 13:00:00+08:00
1781242200000,66.73,66.82,66.6,66.69,123488.64,2026-06-12 13:30:00+08:00
1781244000000,66.69,66.78,66.35,66.42,150867.43,2026-06-12 14:00:00+08:00
1781245800000,66.42,66.42,65.89,66.07,271375.79,2026-06-12 14:30:00+08:00
1781247600000,66.07,66.32,66.07,66.25,92357.45,2026-06-12 15:00:00+08:00
1781249400000,66.24,66.45,66.12,66.27,170035.7,2026-06-12 15:30:00+08:00
1781251200000,66.27,67.02,66.26,66.9,203036.12,2026-06-12 16:00:00+08:00
1781253000000,66.91,66.98,66.73,66.86,120718.55,2026-06-12 16:30:00+08:00
1781254800000,66.86,67.24,66.79,67.19,141223.44,2026-06-12 17:00:00+08:00
1781256600000,67.19,67.45,67.13,67.14,216959.3,2026-06-12 17:30:00+08:00
1781258400000,67.13,67.32,66.55,66.67,220688.75,2026-06-12 18:00:00+08:00
1781260200000,66.66,66.88,66.66,66.75,95111.36,2026-06-12 18:30:00+08:00
1781262000000,66.76,67.02,66.74,66.95,78397.62,2026-06-12 19:00:00+08:00
1781263800000,66.94,67.07,66.76,66.89,66988.34,2026-06-12 19:30:00+08:00
1781265600000,66.9,66.96,66.71,66.71,92116.01,2026-06-12 20:00:00+08:00
1781267400000,66.71,66.94,66.59,66.74,158978.35,2026-06-12 20:30:00+08:00
1781269200000,66.74,66.95,66.65,66.8,55835.48,2026-06-12 21:00:00+08:00
1781271000000,66.81,66.97,66.33,66.67,467517.8,2026-06-12 21:30:00+08:00
1781272800000,66.68,67.2,66.58,67.15,312542.42,2026-06-12 22:00:00+08:00
1781274600000,67.15,67.96,67.03,67.88,470243.05,2026-06-12 22:30:00+08:00
1781276400000,67.88,68.76,67.62,68.16,701691.6,2026-06-12 23:00:00+08:00
1781278200000,68.16,68.22,67.12,67.2,611930.31,2026-06-12 23:30:00+08:00
1781280000000,67.21,67.83,67.02,67.58,405028.46,2026-06-13 00:00:00+08:00
1781281800000,67.59,67.97,67.48,67.97,169938.24,2026-06-13 00:30:00+08:00
1781283600000,67.96,68.17,67.29,67.49,234708.86,2026-06-13 01:00:00+08:00
1781285400000,67.5,67.66,67.22,67.35,116252.35,2026-06-13 01:30:00+08:00
1781287200000,67.35,67.43,66.95,67.19,213642.56,2026-06-13 02:00:00+08:00
1781289000000,67.19,67.44,67.0,67.03,86142.76,2026-06-13 02:30:00+08:00
1781290800000,67.03,67.26,66.98,67.18,62291.66,2026-06-13 03:00:00+08:00
1781292600000,67.18,67.36,66.63,66.73,262637.66,2026-06-13 03:30:00+08:00
1781294400000,66.74,66.77,66.46,66.7,163353.87,2026-06-13 04:00:00+08:00
1781296200000,66.7,66.8,66.5,66.64,89798.32,2026-06-13 04:30:00+08:00
1781298000000,66.64,66.9,66.56,66.75,54331.83,2026-06-13 05:00:00+08:00
1781299800000,66.75,66.79,66.42,66.52,67945.9,2026-06-13 05:30:00+08:00
1781301600000,66.53,66.72,66.41,66.64,73398.22,2026-06-13 06:00:00+08:00
1781303400000,66.64,66.68,66.43,66.59,57780.12,2026-06-13 06:30:00+08:00
1781305200000,66.6,66.63,66.43,66.59,50606.11,2026-06-13 07:00:00+08:00
1781307000000,66.59,66.85,66.51,66.77,90410.09,2026-06-13 07:30:00+08:00
1781308800000,66.77,66.98,66.73,66.85,56338.08,2026-06-13 08:00:00+08:00
1781310600000,66.85,67.05,66.84,66.95,71760.25,2026-06-13 08:30:00+08:00
1781312400000,66.95,67.16,66.94,67.16,70459.74,2026-06-13 09:00:00+08:00
1781314200000,67.16,67.48,67.1,67.4,116599.82,2026-06-13 09:30:00+08:00
1781316000000,67.41,67.46,67.06,67.1,110433.09,2026-06-13 10:00:00+08:00
1781317800000,67.11,67.14,66.82,66.93,53517.77,2026-06-13 10:30:00+08:00
1781319600000,66.93,67.03,66.63,66.76,130967.17,2026-06-13 11:00:00+08:00
1781321400000,66.76,66.92,66.73,66.83,61958.64,2026-06-13 11:30:00+08:00
1781323200000,66.84,66.88,66.66,66.73,65152.34,2026-06-13 12:00:00+08:00
1781325000000,66.73,66.93,66.6,66.63,47646.08,2026-06-13 12:30:00+08:00
1781326800000,66.63,66.85,66.58,66.66,119876.84,2026-06-13 13:00:00+08:00
1781328600000,66.67,66.79,66.46,66.75,122225.53,2026-06-13 13:30:00+08:00
1781330400000,66.75,66.82,66.62,66.82,42990.09,2026-06-13 14:00:00+08:00
1781332200000,66.82,67.19,66.76,67.11,125179.99,2026-06-13 14:30:00+08:00
1781334000000,67.11,67.3,66.92,67.22,154447.31,2026-06-13 15:00:00+08:00
1781335800000,67.22,67.44,67.11,67.34,157441.57,2026-06-13 15:30:00+08:00
1781337600000,67.33,67.42,67.22,67.32,151045.84,2026-06-13 16:00:00+08:00
1781339400000,67.32,67.52,67.27,67.28,128399.9,2026-06-13 16:30:00+08:00
1781341200000,67.28,67.49,67.28,67.36,90002.99,2026-06-13 17:00:00+08:00
1781343000000,67.35,67.39,67.24,67.32,63975.37,2026-06-13 17:30:00+08:00
1781344800000,67.33,67.43,67.3,67.36,34750.41,2026-06-13 18:00:00+08:00
1781346600000,67.37,67.58,67.28,67.39,88131.67,2026-06-13 18:30:00+08:00
1781348400000,67.38,67.92,67.33,67.89,165373.37,2026-06-13 19:00:00+08:00
1781350200000,67.88,67.89,67.72,67.87,82538.5,2026-06-13 19:30:00+08:00
1781352000000,67.87,67.88,67.75,67.77,99128.92,2026-06-13 20:00:00+08:00
1781353800000,67.76,68.03,67.73,67.93,117488.13,2026-06-13 20:30:00+08:00
1781355600000,67.92,68.02,67.79,67.94,65297.53,2026-06-13 21:00:00+08:00
1781357400000,67.94,68.26,67.82,67.96,221009.19,2026-06-13 21:30:00+08:00
1781359200000,67.97,68.39,67.94,68.13,125767.42,2026-06-13 22:00:00+08:00
1781361000000,68.13,68.28,68.06,68.24,58691.79,2026-06-13 22:30:00+08:00
1781362800000,68.25,68.59,68.12,68.49,183539.75,2026-06-13 23:00:00+08:00
1781364600000,68.5,68.67,68.32,68.54,137269.03,2026-06-13 23:30:00+08:00
1781366400000,68.55,68.57,67.83,67.98,252374.36,2026-06-14 00:00:00+08:00
1781368200000,67.98,68.24,67.78,68.03,176685.86,2026-06-14 00:30:00+08:00
1781370000000,68.03,68.16,67.83,68.15,112471.56,2026-06-14 01:00:00+08:00
1781371800000,68.15,68.23,67.79,67.95,100087.92,2026-06-14 01:30:00+08:00
1781373600000,67.95,68.27,67.92,68.2,40367.35,2026-06-14 02:00:00+08:00
1781375400000,68.2,68.33,67.98,68.08,58198.76,2026-06-14 02:30:00+08:00
1781377200000,68.07,68.14,67.96,68.02,48102.37,2026-06-14 03:00:00+08:00
1781379000000,68.03,68.35,67.97,68.18,80066.77,2026-06-14 03:30:00+08:00
1781380800000,68.17,68.21,68.0,68.11,45923.2,2026-06-14 04:00:00+08:00
1781382600000,68.11,68.24,68.06,68.24,17630.88,2026-06-14 04:30:00+08:00
1781384400000,68.24,68.38,68.18,68.32,79886.44,2026-06-14 05:00:00+08:00
1781386200000,68.33,69.56,68.32,69.21,405025.84,2026-06-14 05:30:00+08:00
1781388000000,69.22,69.24,68.84,69.06,153063.47,2026-06-14 06:00:00+08:00
1781389800000,69.07,69.17,68.83,68.84,80927.05,2026-06-14 06:30:00+08:00
1781391600000,68.85,69.14,68.81,68.89,81939.22,2026-06-14 07:00:00+08:00
1781393400000,68.9,69.03,68.74,68.88,63850.87,2026-06-14 07:30:00+08:00
1781395200000,68.88,68.88,68.63,68.66,61769.7,2026-06-14 08:00:00+08:00
1781397000000,68.65,68.84,68.58,68.71,68988.74,2026-06-14 08:30:00+08:00
1781398800000,68.72,69.05,68.58,68.95,138004.3,2026-06-14 09:00:00+08:00
1781400600000,68.95,68.95,68.73,68.76,71584.01,2026-06-14 09:30:00+08:00
1781402400000,68.76,69.05,68.67,68.89,76811.36,2026-06-14 10:00:00+08:00
1781404200000,68.89,68.97,68.74,68.78,53832.59,2026-06-14 10:30:00+08:00
1781406000000,68.77,68.96,68.72,68.91,47916.73,2026-06-14 11:00:00+08:00
1781407800000,68.9,69.0,68.7,68.9,78744.77,2026-06-14 11:30:00+08:00
1781409600000,68.9,68.96,68.72,68.8,53019.0,2026-06-14 12:00:00+08:00
1781411400000,68.81,68.82,68.37,68.49,176572.76,2026-06-14 12:30:00+08:00
1781413200000,68.49,68.55,68.13,68.18,131323.17,2026-06-14 13:00:00+08:00
1781415000000,68.19,68.33,67.98,68.21,220586.58,2026-06-14 13:30:00+08:00
1781416800000,68.22,68.46,68.21,68.34,86555.21,2026-06-14 14:00:00+08:00
1781418600000,68.35,68.35,68.06,68.16,61827.31,2026-06-14 14:30:00+08:00
1781420400000,68.16,68.22,68.01,68.15,52026.33,2026-06-14 15:00:00+08:00
1781422200000,68.15,68.2,67.99,68.18,53347.27,2026-06-14 15:30:00+08:00
1781424000000,68.18,68.32,68.07,68.28,64427.56,2026-06-14 16:00:00+08:00
1781425800000,68.28,68.29,68.14,68.21,38133.29,2026-06-14 16:30:00+08:00
1781427600000,68.22,68.22,67.86,68.1,88044.21,2026-06-14 17:00:00+08:00
1781429400000,68.1,68.45,68.07,68.44,69502.62,2026-06-14 17:30:00+08:00
1781431200000,68.44,68.48,68.25,68.37,63524.94,2026-06-14 18:00:00+08:00
1781433000000,68.36,68.47,68.1,68.12,102811.39,2026-06-14 18:30:00+08:00
1781434800000,68.12,68.2,67.98,68.16,77730.67,2026-06-14 19:00:00+08:00
1781436600000,68.15,68.3,68.05,68.06,39626.98,2026-06-14 19:30:00+08:00
1781438400000,68.06,68.13,67.94,67.95,58030.24,2026-06-14 20:00:00+08:00
1781440200000,67.96,68.0,67.66,67.74,172055.39,2026-06-14 20:30:00+08:00
1781442000000,67.74,67.83,67.56,67.6,120932.83,2026-06-14 21:00:00+08:00
1781443800000,67.59,67.79,67.44,67.73,186610.77,2026-06-14 21:30:00+08:00
1781445600000,67.73,67.79,67.54,67.55,88540.45,2026-06-14 22:00:00+08:00
1781447400000,67.55,67.56,66.9,67.21,351890.23,2026-06-14 22:30:00+08:00
1781449200000,67.21,67.46,67.21,67.37,123150.39,2026-06-14 23:00:00+08:00
1781451000000,67.38,67.54,67.31,67.38,104529.75,2026-06-14 23:30:00+08:00
1781452800000,67.38,67.71,67.37,67.64,96585.81,2026-06-15 00:00:00+08:00
1781454600000,67.64,67.68,67.41,67.44,102330.08,2026-06-15 00:30:00+08:00
1781456400000,67.44,67.69,67.4,67.53,54203.31,2026-06-15 01:00:00+08:00
1781458200000,67.53,67.63,67.26,67.28,88157.62,2026-06-15 01:30:00+08:00
1781460000000,67.28,67.45,67.14,67.23,73220.31,2026-06-15 02:00:00+08:00
1781461800000,67.22,67.4,67.2,67.37,43868.61,2026-06-15 02:30:00+08:00
1781463600000,67.36,67.64,67.28,67.59,65816.67,2026-06-15 03:00:00+08:00
1781465400000,67.6,67.7,67.47,67.51,57742.33,2026-06-15 03:30:00+08:00
1781467200000,67.52,67.73,67.39,67.67,58696.37,2026-06-15 04:00:00+08:00
1781469000000,67.67,68.03,67.67,67.74,88382.16,2026-06-15 04:30:00+08:00
1781470800000,67.75,69.45,67.75,69.23,444436.97,2026-06-15 05:00:00+08:00
1781472600000,69.22,70.5,69.22,70.11,556600.25,2026-06-15 05:30:00+08:00
1781474400000,70.11,70.47,69.57,70.13,472880.52,2026-06-15 06:00:00+08:00
1781476200000,70.12,70.7,70.08,70.39,242704.12,2026-06-15 06:30:00+08:00
1781478000000,70.39,70.84,70.11,70.74,254985.58,2026-06-15 07:00:00+08:00
1781479800000,70.74,71.24,70.52,71.24,403865.08,2026-06-15 07:30:00+08:00
1781481600000,71.24,71.68,71.09,71.54,418930.74,2026-06-15 08:00:00+08:00
1781483400000,71.54,71.55,70.9,71.1,259954.74,2026-06-15 08:30:00+08:00
1781485200000,71.1,71.12,70.63,70.75,171912.2,2026-06-15 09:00:00+08:00
1781487000000,70.76,71.31,70.69,70.98,131439.03,2026-06-15 09:30:00+08:00
1781488800000,70.98,71.55,70.88,71.24,215489.44,2026-06-15 10:00:00+08:00
1781490600000,71.23,71.27,70.86,70.95,110103.87,2026-06-15 10:30:00+08:00
1781492400000,70.94,71.21,70.86,71.16,99993.17,2026-06-15 11:00:00+08:00
1781494200000,71.17,71.33,71.03,71.19,89763.48,2026-06-15 11:30:00+08:00
1781496000000,71.2,71.24,71.03,71.05,99398.9,2026-06-15 12:00:00+08:00
1781497800000,71.04,71.1,70.84,70.89,94163.08,2026-06-15 12:30:00+08:00
1781499600000,70.88,71.19,70.77,71.17,81854.29,2026-06-15 13:00:00+08:00
1781501400000,71.18,71.27,70.85,71.16,117586.34,2026-06-15 13:30:00+08:00
1781503200000,71.16,71.4,71.06,71.35,142022.9,2026-06-15 14:00:00+08:00
1781505000000,71.35,71.45,71.15,71.3,107992.36,2026-06-15 14:30:00+08:00
1781506800000,71.31,71.46,71.08,71.36,121722.89,2026-06-15 15:00:00+08:00
1781508600000,71.36,71.37,71.08,71.23,97870.45,2026-06-15 15:30:00+08:00
1781510400000,71.23,71.57,71.12,71.32,214756.1,2026-06-15 16:00:00+08:00
1781512200000,71.31,71.49,71.2,71.25,91645.19,2026-06-15 16:30:00+08:00
1781514000000,71.24,71.42,71.12,71.14,84750.26,2026-06-15 17:00:00+08:00
1781515800000,71.14,71.18,70.75,71.16,190761.85,2026-06-15 17:30:00+08:00
1781517600000,71.16,71.44,71.13,71.36,177139.92,2026-06-15 18:00:00+08:00
1781519400000,71.37,72.11,71.34,71.83,485392.17,2026-06-15 18:30:00+08:00
1781521200000,71.82,72.8,71.61,72.63,746813.73,2026-06-15 19:00:00+08:00
1781523000000,72.64,72.72,72.37,72.55,213377.6,2026-06-15 19:30:00+08:00
1781524800000,72.56,72.66,72.26,72.52,215549.02,2026-06-15 20:00:00+08:00
1781526600000,72.52,72.97,72.37,72.79,372104.81,2026-06-15 20:30:00+08:00
1781528400000,72.79,74.2,72.67,73.88,765371.89,2026-06-15 21:00:00+08:00
1781530200000,73.88,74.13,73.38,73.6,543451.82,2026-06-15 21:30:00+08:00
1781532000000,73.6,73.81,73.16,73.81,244165.72,2026-06-15 22:00:00+08:00
1781533800000,73.81,73.93,73.55,73.76,201360.53,2026-06-15 22:30:00+08:00
1781535600000,73.75,74.17,73.73,74.01,187091.56,2026-06-15 23:00:00+08:00
1781537400000,74.02,75.21,73.79,75.2,732201.83,2026-06-15 23:30:00+08:00
1781539200000,75.2,75.94,74.91,75.73,622483.47,2026-06-16 00:00:00+08:00
1781541000000,75.73,76.05,75.42,75.43,456253.96,2026-06-16 00:30:00+08:00
1781542800000,75.43,75.44,74.75,74.93,515292.47,2026-06-16 01:00:00+08:00
1781544600000,74.93,75.33,74.63,75.25,227318.11,2026-06-16 01:30:00+08:00
1781546400000,75.24,75.49,75.07,75.35,154298.08,2026-06-16 02:00:00+08:00
1781548200000,75.35,75.64,75.18,75.26,165360.96,2026-06-16 02:30:00+08:00
1781550000000,75.25,75.76,74.51,74.88,351988.82,2026-06-16 03:00:00+08:00
1781551800000,74.89,75.49,74.85,75.23,219182.39,2026-06-16 03:30:00+08:00
1781553600000,75.22,75.41,74.91,75.01,119654.08,2026-06-16 04:00:00+08:00
1781555400000,75.01,75.16,74.7,74.91,117797.77,2026-06-16 04:30:00+08:00
1781557200000,74.9,74.99,74.26,74.41,159676.84,2026-06-16 05:00:00+08:00
1781559000000,74.41,74.62,74.36,74.42,107806.56,2026-06-16 05:30:00+08:00
1781560800000,74.42,74.55,73.67,73.76,238024.46,2026-06-16 06:00:00+08:00
1781562600000,73.76,74.09,73.57,73.73,156955.98,2026-06-16 06:30:00+08:00
1781564400000,73.73,73.96,73.6,73.85,114510.81,2026-06-16 07:00:00+08:00
1781566200000,73.85,74.03,73.58,73.94,103187.63,2026-06-16 07:30:00+08:00
1781568000000,73.93,74.14,73.81,73.85,107587.7,2026-06-16 08:00:00+08:00
1781569800000,73.84,74.36,73.81,73.97,148488.59,2026-06-16 08:30:00+08:00
1781571600000,73.98,74.3,73.94,74.16,94154.49,2026-06-16 09:00:00+08:00
1781573400000,74.16,74.22,73.8,73.82,75713.79,2026-06-16 09:30:00+08:00
1781575200000,73.83,73.84,72.77,72.77,379260.68,2026-06-16 10:00:00+08:00
1781577000000,72.77,73.14,72.72,72.97,202832.49,2026-06-16 10:30:00+08:00
1781578800000,72.98,73.48,72.82,73.45,221597.84,2026-06-16 11:00:00+08:00
1781580600000,73.44,73.78,73.38,73.69,233302.56,2026-06-16 11:30:00+08:00
1781582400000,73.7,73.91,73.4,73.42,232487.38,2026-06-16 12:00:00+08:00
1781584200000,73.41,73.41,73.14,73.33,178441.17,2026-06-16 12:30:00+08:00
1781586000000,73.33,73.75,73.32,73.66,159392.46,2026-06-16 13:00:00+08:00
1781587800000,73.67,73.79,73.54,73.61,114583.36,2026-06-16 13:30:00+08:00
1781589600000,73.61,73.97,73.61,73.93,113943.16,2026-06-16 14:00:00+08:00
1781591400000,73.94,74.27,73.9,74.12,263098.21,2026-06-16 14:30:00+08:00
1781593200000,74.13,74.46,74.07,74.27,202014.32,2026-06-16 15:00:00+08:00
1781595000000,74.26,74.49,74.22,74.41,153694.19,2026-06-16 15:30:00+08:00
1781596800000,74.41,75.03,74.29,74.73,358215.61,2026-06-16 16:00:00+08:00
1781598600000,74.72,75.61,74.69,75.35,347772.62,2026-06-16 16:30:00+08:00
1781600400000,75.34,75.42,74.76,74.89,311180.84,2026-06-16 17:00:00+08:00
1781602200000,74.89,75.15,74.77,74.79,166242.88,2026-06-16 17:30:00+08:00
1781604000000,74.8,75.05,74.72,74.99,119050.3,2026-06-16 18:00:00+08:00
1781605800000,74.99,75.07,74.62,74.64,125789.06,2026-06-16 18:30:00+08:00
1781607600000,74.64,74.85,74.41,74.5,202403.58,2026-06-16 19:00:00+08:00
1781609400000,74.51,74.63,74.33,74.62,173568.31,2026-06-16 19:30:00+08:00
1781611200000,74.63,75.07,74.44,74.98,286751.22,2026-06-16 20:00:00+08:00
1781613000000,74.98,75.51,74.68,74.89,441519.09,2026-06-16 20:30:00+08:00
1781614800000,74.9,74.93,73.88,74.01,443143.3,2026-06-16 21:00:00+08:00
1781616600000,74.01,74.34,73.81,73.94,304148.79,2026-06-16 21:30:00+08:00
1781618400000,73.95,74.26,72.72,72.73,656105.99,2026-06-16 22:00:00+08:00
1781620200000,72.74,73.04,72.28,72.92,607250.39,2026-06-16 22:30:00+08:00
1781622000000,72.93,73.44,72.82,73.17,239250.84,2026-06-16 23:00:00+08:00
1781623800000,73.16,73.63,72.98,73.25,279068.02,2026-06-16 23:30:00+08:00
1781625600000,73.25,73.44,73.16,73.35,188494.03,2026-06-17 00:00:00+08:00
1781627400000,73.35,73.35,72.96,73.05,169125.4,2026-06-17 00:30:00+08:00
1781629200000,73.06,73.39,73.01,73.21,105433.16,2026-06-17 01:00:00+08:00
1781631000000,73.21,73.8,73.08,73.63,145428.34,2026-06-17 01:30:00+08:00
1781632800000,73.64,74.31,73.53,73.67,315770.15,2026-06-17 02:00:00+08:00
1781634600000,73.68,74.17,73.67,73.96,186093.04,2026-06-17 02:30:00+08:00
1781636400000,73.97,73.99,73.45,73.95,130728.86,2026-06-17 03:00:00+08:00
1781638200000,73.96,74.19,73.68,73.81,93460.34,2026-06-17 03:30:00+08:00
1781640000000,73.8,74.16,73.63,73.83,72108.7,2026-06-17 04:00:00+08:00
1781641800000,73.82,74.2,73.82,74.1,70315.88,2026-06-17 04:30:00+08:00
1781643600000,74.11,74.15,73.74,73.75,81932.96,2026-06-17 05:00:00+08:00
1781645400000,73.74,73.93,73.69,73.88,53507.16,2026-06-17 05:30:00+08:00
1781647200000,73.89,74.08,73.65,73.83,66468.06,2026-06-17 06:00:00+08:00
1781649000000,73.82,73.87,73.57,73.79,74315.34,2026-06-17 06:30:00+08:00
1781650800000,73.79,73.93,73.53,73.73,46981.7,2026-06-17 07:00:00+08:00
1781652600000,73.73,73.77,73.37,73.5,66015.5,2026-06-17 07:30:00+08:00
1781654400000,73.5,73.75,73.38,73.47,93624.95,2026-06-17 08:00:00+08:00
1781656200000,73.47,73.62,73.25,73.32,118097.75,2026-06-17 08:30:00+08:00
1781658000000,73.33,73.63,73.1,73.38,177111.23,2026-06-17 09:00:00+08:00
1781659800000,73.39,73.97,73.25,73.89,135450.29,2026-06-17 09:30:00+08:00
1781661600000,73.89,74.42,73.74,74.34,193239.98,2026-06-17 10:00:00+08:00
1781663400000,74.34,74.36,73.63,74.0,129106.02,2026-06-17 10:30:00+08:00
1781665200000,74.01,74.01,73.53,73.66,67639.04,2026-06-17 11:00:00+08:00
1781667000000,73.66,73.88,73.47,73.64,72159.9,2026-06-17 11:30:00+08:00
1781668800000,73.65,73.85,73.55,73.71,85067.14,2026-06-17 12:00:00+08:00
1781670600000,73.7,74.08,73.64,73.8,85448.4,2026-06-17 12:30:00+08:00
1781672400000,73.8,73.96,73.38,73.68,115937.11,2026-06-17 13:00:00+08:00
1781674200000,73.69,73.88,73.5,73.6,57304.13,2026-06-17 13:30:00+08:00
1781676000000,73.6,73.8,73.29,73.29,107163.77,2026-06-17 14:00:00+08:00
1781677800000,73.29,73.52,73.13,73.37,210255.65,2026-06-17 14:30:00+08:00
1781679600000,73.37,73.57,73.13,73.14,138657.45,2026-06-17 15:00:00+08:00
1781681400000,73.14,73.35,72.89,73.23,272870.49,2026-06-17 15:30:00+08:00
1781683200000,73.23,73.26,72.61,72.77,385043.66,2026-06-17 16:00:00+08:00
1781685000000,72.77,72.77,72.12,72.29,484069.74,2026-06-17 16:30:00+08:00
1781686800000,72.3,72.56,72.26,72.48,170018.77,2026-06-17 17:00:00+08:00
1781688600000,72.49,72.63,72.31,72.49,99421.18,2026-06-17 17:30:00+08:00
1781690400000,72.5,72.65,72.33,72.42,78925.56,2026-06-17 18:00:00+08:00
1781692200000,72.41,72.48,72.06,72.1,133876.05,2026-06-17 18:30:00+08:00
1781694000000,72.1,72.2,71.66,71.97,368966.73,2026-06-17 19:00:00+08:00
1781695800000,71.96,72.19,71.9,71.98,100041.51,2026-06-17 19:30:00+08:00
1781697600000,71.98,72.25,71.57,71.7,327647.61,2026-06-17 20:00:00+08:00
1781699400000,71.7,72.31,71.53,72.29,241768.16,2026-06-17 20:30:00+08:00
1781701200000,72.28,72.47,72.1,72.29,202595.23,2026-06-17 21:00:00+08:00
1781703000000,72.28,72.72,72.1,72.37,340603.2,2026-06-17 21:30:00+08:00
1781704800000,72.36,72.62,72.05,72.41,204205.57,2026-06-17 22:00:00+08:00
1781706600000,72.41,72.57,71.78,72.32,360473.83,2026-06-17 22:30:00+08:00
1781708400000,72.33,73.09,72.31,72.99,271386.9,2026-06-17 23:00:00+08:00
1781710200000,73.0,73.84,72.87,73.77,492186.52,2026-06-17 23:30:00+08:00
1781712000000,73.77,74.65,73.67,74.43,398271.07,2026-06-18 00:00:00+08:00
1781713800000,74.42,74.48,73.67,73.74,278839.74,2026-06-18 00:30:00+08:00
1781715600000,73.74,73.87,73.44,73.77,172696.22,2026-06-18 01:00:00+08:00
1781717400000,73.78,74.3,73.41,74.16,178221.23,2026-06-18 01:30:00+08:00
1781719200000,74.16,74.16,72.13,73.12,1079528.71,2026-06-18 02:00:00+08:00
1781721000000,73.13,74.34,72.95,73.45,600307.03,2026-06-18 02:30:00+08:00
1781722800000,73.45,73.67,71.79,71.98,584693.81,2026-06-18 03:00:00+08:00
1781724600000,71.98,72.35,71.36,71.62,609182.91,2026-06-18 03:30:00+08:00
1781726400000,71.61,72.0,71.5,71.87,232757.99,2026-06-18 04:00:00+08:00
1781728200000,71.88,72.2,71.66,72.15,184023.05,2026-06-18 04:30:00+08:00
1781730000000,72.15,72.18,71.85,71.85,107991.96,2026-06-18 05:00:00+08:00
1781731800000,71.86,71.98,71.27,71.58,109569.19,2026-06-18 05:30:00+08:00
1781733600000,71.58,71.8,70.76,71.79,302541.38,2026-06-18 06:00:00+08:00
1781735400000,71.79,71.9,71.64,71.65,54471.86,2026-06-18 06:30:00+08:00
1781737200000,71.66,72.09,71.63,71.97,70434.75,2026-06-18 07:00:00+08:00
1781739000000,71.98,72.04,71.85,71.99,77299.18,2026-06-18 07:30:00+08:00
1781740800000,72.0,72.32,71.97,72.27,146080.47,2026-06-18 08:00:00+08:00
1781742600000,72.27,72.47,72.13,72.18,136964.7,2026-06-18 08:30:00+08:00
1781744400000,72.17,72.59,72.14,72.37,150748.29,2026-06-18 09:00:00+08:00
1781746200000,72.38,72.5,72.04,72.18,102515.41,2026-06-18 09:30:00+08:00
1781748000000,72.19,72.64,72.01,72.56,212323.27,2026-06-18 10:00:00+08:00
1781749800000,72.56,72.61,72.43,72.48,72254.95,2026-06-18 10:30:00+08:00
1781751600000,72.47,72.49,71.74,71.74,162643.77,2026-06-18 11:00:00+08:00
1781753400000,71.75,71.88,71.45,71.61,273714.5,2026-06-18 11:30:00+08:00
1781755200000,71.6,71.67,70.95,71.15,382312.61,2026-06-18 12:00:00+08:00
1781757000000,71.16,71.2,70.85,71.02,216827.76,2026-06-18 12:30:00+08:00
1781758800000,71.01,71.03,70.58,70.87,282080.72,2026-06-18 13:00:00+08:00
1781760600000,70.87,71.1,70.74,71.08,96386.53,2026-06-18 13:30:00+08:00
1781762400000,71.07,71.27,70.93,71.15,100131.0,2026-06-18 14:00:00+08:00
1781764200000,71.14,71.36,71.08,71.29,157023.92,2026-06-18 14:30:00+08:00
1781766000000,71.3,71.75,71.1,71.68,197435.36,2026-06-18 15:00:00+08:00
1781767800000,71.68,71.79,71.51,71.72,104461.44,2026-06-18 15:30:00+08:00
1781769600000,71.72,71.91,71.57,71.88,142775.94,2026-06-18 16:00:00+08:00
1781771400000,71.89,72.02,71.79,71.82,127892.65,2026-06-18 16:30:00+08:00
1781773200000,71.81,72.12,71.73,71.77,138975.56,2026-06-18 17:00:00+08:00
1781775000000,71.78,72.01,71.7,71.8,70956.46,2026-06-18 17:30:00+08:00
1781776800000,71.79,71.81,71.06,71.18,278007.58,2026-06-18 18:00:00+08:00
1781778600000,71.19,71.46,71.03,71.35,231806.37,2026-06-18 18:30:00+08:00
1781780400000,71.34,71.52,70.77,71.11,199674.16,2026-06-18 19:00:00+08:00
1781782200000,71.12,71.22,70.67,70.89,182674.93,2026-06-18 19:30:00+08:00
1781784000000,70.88,71.32,70.83,71.31,126986.44,2026-06-18 20:00:00+08:00
1781785800000,71.31,71.58,71.19,71.51,104792.75,2026-06-18 20:30:00+08:00
1781787600000,71.52,71.76,71.4,71.64,133526.06,2026-06-18 21:00:00+08:00
1781789400000,71.64,71.66,70.66,71.01,428078.84,2026-06-18 21:30:00+08:00
1781791200000,71.01,71.68,70.69,71.0,299654.2,2026-06-18 22:00:00+08:00
1781793000000,71.0,71.39,70.64,71.03,267198.67,2026-06-18 22:30:00+08:00
1781794800000,71.04,71.07,69.72,69.88,765921.06,2026-06-18 23:00:00+08:00
1781796600000,69.88,70.02,68.33,68.42,1426006.38,2026-06-18 23:30:00+08:00
1781798400000,68.41,68.95,68.36,68.67,580443.32,2026-06-19 00:00:00+08:00
1781800200000,68.67,69.12,68.45,69.03,246667.37,2026-06-19 00:30:00+08:00
1781802000000,69.04,69.08,68.57,68.93,262369.54,2026-06-19 01:00:00+08:00
1781803800000,68.93,69.13,68.47,68.61,179895.3,2026-06-19 01:30:00+08:00
1781805600000,68.61,68.95,68.18,68.78,288665.56,2026-06-19 02:00:00+08:00
1781807400000,68.77,68.82,68.48,68.62,157565.39,2026-06-19 02:30:00+08:00
1781809200000,68.62,68.91,68.53,68.81,117860.52,2026-06-19 03:00:00+08:00
1781811000000,68.8,69.49,68.76,69.34,249256.78,2026-06-19 03:30:00+08:00
1781812800000,69.35,69.92,69.34,69.76,210978.69,2026-06-19 04:00:00+08:00
1781814600000,69.76,69.9,69.67,69.79,71813.8,2026-06-19 04:30:00+08:00
1781816400000,69.78,69.86,69.36,69.62,129725.8,2026-06-19 05:00:00+08:00
1781818200000,69.63,69.69,69.34,69.53,63207.09,2026-06-19 05:30:00+08:00
1781820000000,69.52,69.65,69.36,69.43,113844.21,2026-06-19 06:00:00+08:00
1781821800000,69.43,69.61,69.21,69.47,79225.13,2026-06-19 06:30:00+08:00
1781823600000,69.47,69.54,69.23,69.52,48347.08,2026-06-19 07:00:00+08:00
1781825400000,69.53,69.76,69.49,69.68,72137.93,2026-06-19 07:30:00+08:00
1781827200000,69.67,69.76,69.52,69.76,84413.52,2026-06-19 08:00:00+08:00
1781829000000,69.76,69.86,69.67,69.76,49433.33,2026-06-19 08:30:00+08:00
1781830800000,69.75,69.99,69.62,69.64,84801.37,2026-06-19 09:00:00+08:00
1781832600000,69.64,69.95,69.51,69.89,77405.22,2026-06-19 09:30:00+08:00
1781834400000,69.89,70.05,69.47,69.48,115407.59,2026-06-19 10:00:00+08:00
1781836200000,69.48,69.69,69.38,69.64,71215.97,2026-06-19 10:30:00+08:00
1781838000000,69.63,69.71,68.57,69.31,503957.64,2026-06-19 11:00:00+08:00
1781839800000,69.31,69.31,68.81,69.02,147790.01,2026-06-19 11:30:00+08:00
1781841600000,69.02,69.24,68.66,68.75,167330.2,2026-06-19 12:00:00+08:00
1781843400000,68.75,68.77,68.14,68.29,309562.2,2026-06-19 12:30:00+08:00
1781845200000,68.29,68.71,68.27,68.52,172678.57,2026-06-19 13:00:00+08:00
1781847000000,68.51,68.72,68.33,68.66,153805.49,2026-06-19 13:30:00+08:00
1781848800000,68.66,68.81,68.54,68.71,142366.65,2026-06-19 14:00:00+08:00
1781850600000,68.7,68.8,68.43,68.71,101942.87,2026-06-19 14:30:00+08:00
1781852400000,68.72,68.74,68.34,68.43,73551.25,2026-06-19 15:00:00+08:00
1781854200000,68.44,68.58,67.8,68.34,425915.43,2026-06-19 15:30:00+08:00
1781856000000,68.34,68.62,68.19,68.53,133456.88,2026-06-19 16:00:00+08:00
1781857800000,68.53,68.71,68.46,68.64,119359.16,2026-06-19 16:30:00+08:00
1781859600000,68.64,68.71,68.16,68.28,135295.38,2026-06-19 17:00:00+08:00
1781861400000,68.28,68.49,68.26,68.27,89566.03,2026-06-19 17:30:00+08:00
1781863200000,68.28,68.44,68.07,68.29,133518.19,2026-06-19 18:00:00+08:00
1781865000000,68.3,68.39,68.0,68.26,99353.32,2026-06-19 18:30:00+08:00
1781866800000,68.26,68.44,68.04,68.31,97631.32,2026-06-19 19:00:00+08:00
1781868600000,68.31,68.4,68.16,68.21,58288.71,2026-06-19 19:30:00+08:00
1781870400000,68.21,68.37,68.09,68.21,74037.43,2026-06-19 20:00:00+08:00
1781872200000,68.2,68.68,67.87,68.57,347277.67,2026-06-19 20:30:00+08:00
1781874000000,68.57,68.75,68.35,68.51,233589.72,2026-06-19 21:00:00+08:00
1781875800000,68.5,69.54,68.43,69.22,536312.94,2026-06-19 21:30:00+08:00
1781877600000,69.21,69.36,68.78,69.23,358010.27,2026-06-19 22:00:00+08:00
1781879400000,69.24,69.43,69.05,69.08,166948.0,2026-06-19 22:30:00+08:00
1781881200000,69.09,69.19,68.88,68.97,205544.82,2026-06-19 23:00:00+08:00
1781883000000,68.98,69.49,68.97,69.29,152356.76,2026-06-19 23:30:00+08:00
1781884800000,69.28,69.29,69.21,69.27,5660.95,2026-06-20 00:00:00+08:00
